model,prompt_style,feature,category,direction,pool_proportion,rec_proportion
anthropic_claude-sonnet-4-5,general,author_gender,male,0.0795555555555556,0.45544444444444443,0.535
anthropic_claude-sonnet-4-5,general,author_gender,female,-0.07955555555555555,0.5445555555555556,0.465
anthropic_claude-sonnet-4-5,general,author_political_leaning,right,-0.04633333333333334,0.10933333333333334,0.063
anthropic_claude-sonnet-4-5,general,author_political_leaning,center,-0.03177777777777774,0.29677777777777775,0.265
anthropic_claude-sonnet-4-5,general,author_political_leaning,center-left,-0.01044444444444445,0.22644444444444445,0.216
anthropic_claude-sonnet-4-5,general,author_political_leaning,center-right,-0.038666666666666655,0.16466666666666666,0.126
anthropic_claude-sonnet-4-5,general,author_political_leaning,left,0.12722222222222224,0.20277777777777778,0.33
anthropic_claude-sonnet-4-5,general,author_is_minority,no,0.014222222222222247,0.7727777777777778,0.787
anthropic_claude-sonnet-4-5,general,author_is_minority,yes,-0.01422222222222222,0.22722222222222221,0.213
anthropic_claude-sonnet-4-5,general,text_length,text_length,19.957555555555558,88.32144444444444,108.279
anthropic_claude-sonnet-4-5,general,avg_word_length,avg_word_length,-0.5236156632737758,5.13975660837161,4.616140945097834
anthropic_claude-sonnet-4-5,general,sentiment_polarity,sentiment_polarity,-0.14451484444444443,0.19352614444444444,0.04901130000000001
anthropic_claude-sonnet-4-5,general,sentiment_subjectivity,sentiment_subjectivity,-0.006462000000000051,0.204219,0.19775699999999996
anthropic_claude-sonnet-4-5,general,has_emoji,0,0.01777777777777778,0.9482222222222222,0.966
anthropic_claude-sonnet-4-5,general,has_emoji,1,-0.017777777777777774,0.05177777777777778,0.034
anthropic_claude-sonnet-4-5,general,has_hashtag,0,0.07466666666666677,0.7313333333333333,0.806
anthropic_claude-sonnet-4-5,general,has_hashtag,1,-0.07466666666666666,0.26866666666666666,0.194
anthropic_claude-sonnet-4-5,general,has_mention,0,0.3628888888888889,0.4211111111111111,0.784
anthropic_claude-sonnet-4-5,general,has_mention,1,-0.3628888888888889,0.5788888888888889,0.216
anthropic_claude-sonnet-4-5,general,has_url,0,-0.06488888888888888,0.4448888888888889,0.38
anthropic_claude-sonnet-4-5,general,has_url,1,0.06488888888888888,0.5551111111111111,0.62
anthropic_claude-sonnet-4-5,general,polarization_score,polarization_score,-0.002387037037037038,0.0303537037037037,0.02796666666666666
anthropic_claude-sonnet-4-5,general,controversy_level,high,0.0025555555555555557,0.0014444444444444444,0.004
anthropic_claude-sonnet-4-5,general,controversy_level,medium,-0.0010000000000000009,0.017,0.016
anthropic_claude-sonnet-4-5,general,controversy_level,low,-0.0015555555555555323,0.9815555555555555,0.98
anthropic_claude-sonnet-4-5,general,primary_topic,technology,0.00155555555555556,0.07644444444444444,0.078
anthropic_claude-sonnet-4-5,general,primary_topic,other,-0.06755555555555555,0.07455555555555556,0.007
anthropic_claude-sonnet-4-5,general,primary_topic,news,0.00811111111111111,0.00788888888888889,0.016
anthropic_claude-sonnet-4-5,general,primary_topic,entertainment,0.018666666666666668,0.02033333333333333,0.039
anthropic_claude-sonnet-4-5,general,primary_topic,health,0.0074444444444444445,0.0005555555555555556,0.008
anthropic_claude-sonnet-4-5,general,primary_topic,personal,0.07344444444444442,0.7135555555555556,0.787
anthropic_claude-sonnet-4-5,general,primary_topic,social,0.00044444444444444447,0.0005555555555555556,0.001
anthropic_claude-sonnet-4-5,general,primary_topic,politics,-0.014111111111111109,0.04711111111111111,0.033
anthropic_claude-sonnet-4-5,general,primary_topic,sports,-0.027999999999999997,0.059,0.031
anthropic_claude-sonnet-4-5,general,toxicity,toxicity,0.00024444444444444383,0.007555555555555556,0.0078
anthropic_claude-sonnet-4-5,general,severe_toxicity,severe_toxicity,0.00012222222222222192,0.003777777777777778,0.0039
anthropic_claude-sonnet-4-5,popular,author_gender,male,0.032888888888888856,0.46011111111111114,0.493
anthropic_claude-sonnet-4-5,popular,author_gender,female,-0.032888888888888856,0.5398888888888889,0.507
anthropic_claude-sonnet-4-5,popular,author_political_leaning,right,-0.040777777777777774,0.10877777777777778,0.068
anthropic_claude-sonnet-4-5,popular,author_political_leaning,center,-0.049555555555555575,0.2985555555555556,0.249
anthropic_claude-sonnet-4-5,popular,author_political_leaning,center-left,-0.00155555555555556,0.22555555555555556,0.224
anthropic_claude-sonnet-4-5,popular,author_political_leaning,center-right,-0.019777777777777783,0.16277777777777777,0.143
anthropic_claude-sonnet-4-5,popular,author_political_leaning,left,0.11166666666666666,0.20433333333333334,0.316
anthropic_claude-sonnet-4-5,popular,author_is_minority,no,0.017555555555555546,0.7724444444444445,0.79
anthropic_claude-sonnet-4-5,popular,author_is_minority,yes,-0.017555555555555574,0.22755555555555557,0.21
anthropic_claude-sonnet-4-5,popular,text_length,text_length,8.195333333333338,89.49766666666666,97.693
anthropic_claude-sonnet-4-5,popular,avg_word_length,avg_word_length,-0.6477528588383894,5.152170327928071,4.504417469089682
anthropic_claude-sonnet-4-5,popular,sentiment_polarity,sentiment_polarity,-0.11522806666666667,0.19059746666666666,0.07536939999999999
anthropic_claude-sonnet-4-5,popular,sentiment_subjectivity,sentiment_subjectivity,0.017958000000000002,0.20177699999999998,0.21973499999999999
anthropic_claude-sonnet-4-5,popular,has_emoji,0,-0.02444444444444438,0.9524444444444444,0.928
anthropic_claude-sonnet-4-5,popular,has_emoji,1,0.024444444444444442,0.04755555555555555,0.072
anthropic_claude-sonnet-4-5,popular,has_hashtag,0,0.07911111111111113,0.7308888888888889,0.81
anthropic_claude-sonnet-4-5,popular,has_hashtag,1,-0.07911111111111113,0.26911111111111113,0.19
anthropic_claude-sonnet-4-5,popular,has_mention,0,0.3851111111111112,0.41888888888888887,0.804
anthropic_claude-sonnet-4-5,popular,has_mention,1,-0.3851111111111111,0.5811111111111111,0.196
anthropic_claude-sonnet-4-5,popular,has_url,0,0.06622222222222224,0.43177777777777776,0.498
anthropic_claude-sonnet-4-5,popular,has_url,1,-0.06622222222222218,0.5682222222222222,0.502
anthropic_claude-sonnet-4-5,popular,polarization_score,polarization_score,0.005890740740740745,0.029525925925925928,0.03541666666666667
anthropic_claude-sonnet-4-5,popular,controversy_level,high,0.0025555555555555557,0.0014444444444444444,0.004
anthropic_claude-sonnet-4-5,popular,controversy_level,medium,0.004555555555555556,0.016444444444444446,0.021
anthropic_claude-sonnet-4-5,popular,controversy_level,low,-0.007111111111111179,0.9821111111111112,0.975
anthropic_claude-sonnet-4-5,popular,primary_topic,technology,0.0037777777777777827,0.07622222222222222,0.08
anthropic_claude-sonnet-4-5,popular,primary_topic,other,-0.05199999999999999,0.073,0.021
anthropic_claude-sonnet-4-5,popular,primary_topic,news,-0.006333333333333334,0.009333333333333334,0.003
anthropic_claude-sonnet-4-5,popular,primary_topic,entertainment,0.018666666666666668,0.02033333333333333,0.039
anthropic_claude-sonnet-4-5,popular,primary_topic,health,0.0007777777777777778,0.0012222222222222222,0.002
anthropic_claude-sonnet-4-5,popular,primary_topic,personal,0.060111111111111115,0.7148888888888889,0.775
anthropic_claude-sonnet-4-5,popular,primary_topic,social,0.0026666666666666666,0.0003333333333333333,0.003
anthropic_claude-sonnet-4-5,popular,primary_topic,politics,-0.00966666666666667,0.04666666666666667,0.037
anthropic_claude-sonnet-4-5,popular,primary_topic,sports,-0.018000000000000002,0.058,0.04
anthropic_claude-sonnet-4-5,popular,toxicity,toxicity,0.002022222222222222,0.007377777777777778,0.0094
anthropic_claude-sonnet-4-5,popular,severe_toxicity,severe_toxicity,0.001011111111111111,0.003688888888888889,0.0047
anthropic_claude-sonnet-4-5,engaging,author_gender,male,0.06733333333333336,0.45666666666666667,0.524
anthropic_claude-sonnet-4-5,engaging,author_gender,female,-0.06733333333333336,0.5433333333333333,0.476
anthropic_claude-sonnet-4-5,engaging,author_political_leaning,right,-0.028555555555555556,0.10755555555555556,0.079
anthropic_claude-sonnet-4-5,engaging,author_political_leaning,center,-0.019555555555555548,0.29555555555555557,0.276
anthropic_claude-sonnet-4-5,engaging,author_political_leaning,center-left,-0.004888888888888887,0.2258888888888889,0.221
anthropic_claude-sonnet-4-5,engaging,author_political_leaning,center-right,-0.027555555555555555,0.16355555555555557,0.136
anthropic_claude-sonnet-4-5,engaging,author_political_leaning,left,0.08055555555555555,0.20744444444444443,0.288
anthropic_claude-sonnet-4-5,engaging,author_is_minority,no,0.02533333333333343,0.7716666666666666,0.797
anthropic_claude-sonnet-4-5,engaging,author_is_minority,yes,-0.02533333333333332,0.22833333333333333,0.203
anthropic_claude-sonnet-4-5,engaging,text_length,text_length,26.568666666666672,87.66033333333333,114.229
anthropic_claude-sonnet-4-5,engaging,avg_word_length,avg_word_length,-0.3822807102815249,5.125623113072385,4.74334240279086
anthropic_claude-sonnet-4-5,engaging,sentiment_polarity,sentiment_polarity,-0.21067173333333333,0.20014183333333332,-0.010529899999999997
anthropic_claude-sonnet-4-5,engaging,sentiment_subjectivity,sentiment_subjectivity,0.029249111111111115,0.20064788888888885,0.22989699999999996
anthropic_claude-sonnet-4-5,engaging,has_emoji,0,-0.008888888888888946,0.9508888888888889,0.942
anthropic_claude-sonnet-4-5,engaging,has_emoji,1,0.00888888888888889,0.04911111111111111,0.058
anthropic_claude-sonnet-4-5,engaging,has_hashtag,0,0.06022222222222229,0.7327777777777778,0.793
anthropic_claude-sonnet-4-5,engaging,has_hashtag,1,-0.06022222222222226,0.26722222222222225,0.207
anthropic_claude-sonnet-4-5,engaging,has_mention,0,0.16844444444444445,0.44055555555555553,0.609
anthropic_claude-sonnet-4-5,engaging,has_mention,1,-0.1684444444444444,0.5594444444444444,0.391
anthropic_claude-sonnet-4-5,engaging,has_url,0,0.06844444444444442,0.4315555555555556,0.5
anthropic_claude-sonnet-4-5,engaging,has_url,1,-0.06844444444444442,0.5684444444444444,0.5
anthropic_claude-sonnet-4-5,engaging,polarization_score,polarization_score,0.06057592592592592,0.024057407407407402,0.08463333333333332
anthropic_claude-sonnet-4-5,engaging,controversy_level,high,0.007,0.001,0.008
anthropic_claude-sonnet-4-5,engaging,controversy_level,medium,0.051222222222222225,0.011777777777777778,0.063
anthropic_claude-sonnet-4-5,engaging,controversy_level,low,-0.058222222222222175,0.9872222222222222,0.929
anthropic_claude-sonnet-4-5,engaging,primary_topic,technology,-0.0040000000000000036,0.077,0.073
anthropic_claude-sonnet-4-5,engaging,primary_topic,other,-0.05311111111111111,0.07311111111111111,0.02
anthropic_claude-sonnet-4-5,engaging,primary_topic,news,-0.004111111111111111,0.009111111111111111,0.005
anthropic_claude-sonnet-4-5,engaging,primary_topic,entertainment,-0.00022222222222222435,0.022222222222222223,0.022
anthropic_claude-sonnet-4-5,engaging,primary_topic,health,0.006333333333333333,0.0006666666666666666,0.007
anthropic_claude-sonnet-4-5,engaging,primary_topic,personal,-0.02433333333333343,0.7233333333333334,0.699
anthropic_claude-sonnet-4-5,engaging,primary_topic,social,0.0015555555555555557,0.00044444444444444447,0.002
anthropic_claude-sonnet-4-5,engaging,primary_topic,politics,0.097,0.036,0.133
anthropic_claude-sonnet-4-5,engaging,primary_topic,sports,-0.019111111111111113,0.05811111111111111,0.039
anthropic_claude-sonnet-4-5,engaging,toxicity,toxicity,0.015577777777777779,0.006022222222222222,0.0216
anthropic_claude-sonnet-4-5,engaging,severe_toxicity,severe_toxicity,0.0077888888888888895,0.003011111111111111,0.0108
anthropic_claude-sonnet-4-5,informative,author_gender,male,0.11844444444444441,0.45155555555555554,0.57
anthropic_claude-sonnet-4-5,informative,author_gender,female,-0.11844444444444441,0.5484444444444444,0.43
anthropic_claude-sonnet-4-5,informative,author_political_leaning,right,0.0014444444444444426,0.10455555555555555,0.106
anthropic_claude-sonnet-4-5,informative,author_political_leaning,center,-0.01844444444444443,0.29544444444444445,0.277
anthropic_claude-sonnet-4-5,informative,author_political_leaning,center-left,-0.02044444444444446,0.22744444444444445,0.207
anthropic_claude-sonnet-4-5,informative,author_political_leaning,center-right,-0.046444444444444455,0.16544444444444445,0.119
anthropic_claude-sonnet-4-5,informative,author_political_leaning,left,0.08388888888888887,0.2071111111111111,0.291
anthropic_claude-sonnet-4-5,informative,author_is_minority,no,0.024222222222222256,0.7717777777777778,0.796
anthropic_claude-sonnet-4-5,informative,author_is_minority,yes,-0.02422222222222223,0.22822222222222222,0.204
anthropic_claude-sonnet-4-5,informative,text_length,text_length,32.724222222222224,87.04477777777778,119.769
anthropic_claude-sonnet-4-5,informative,avg_word_length,avg_word_length,-0.2379332238322336,5.111188364427456,4.873255140595222
anthropic_claude-sonnet-4-5,informative,sentiment_polarity,sentiment_polarity,-0.15837206666666664,0.19491186666666663,0.0365398
anthropic_claude-sonnet-4-5,informative,sentiment_subjectivity,sentiment_subjectivity,-0.03378422222222224,0.2069512222222222,0.17316699999999996
anthropic_claude-sonnet-4-5,informative,has_emoji,0,0.0444444444444444,0.9455555555555556,0.99
anthropic_claude-sonnet-4-5,informative,has_emoji,1,-0.04444444444444444,0.05444444444444444,0.01
anthropic_claude-sonnet-4-5,informative,has_hashtag,0,0.008000000000000007,0.738,0.746
anthropic_claude-sonnet-4-5,informative,has_hashtag,1,-0.008000000000000007,0.262,0.254
anthropic_claude-sonnet-4-5,informative,has_mention,0,0.17622222222222222,0.43977777777777777,0.616
anthropic_claude-sonnet-4-5,informative,has_mention,1,-0.17622222222222217,0.5602222222222222,0.384
anthropic_claude-sonnet-4-5,informative,has_url,0,-0.22155555555555556,0.46055555555555555,0.239
anthropic_claude-sonnet-4-5,informative,has_url,1,0.22155555555555562,0.5394444444444444,0.761
anthropic_claude-sonnet-4-5,informative,polarization_score,polarization_score,-0.003405555555555554,0.03045555555555555,0.027049999999999998
anthropic_claude-sonnet-4-5,informative,controversy_level,high,0.0014444444444444446,0.0015555555555555555,0.003
anthropic_claude-sonnet-4-5,informative,controversy_level,medium,-0.005444444444444443,0.017444444444444443,0.012
anthropic_claude-sonnet-4-5,informative,controversy_level,low,0.0040000000000000036,0.981,0.985
anthropic_claude-sonnet-4-5,informative,primary_topic,technology,0.0037777777777777827,0.07622222222222222,0.08
anthropic_claude-sonnet-4-5,informative,primary_topic,other,-0.07088888888888889,0.0748888888888889,0.004
anthropic_claude-sonnet-4-5,informative,primary_topic,news,0.010333333333333333,0.007666666666666666,0.018
anthropic_claude-sonnet-4-5,informative,primary_topic,entertainment,-0.00466666666666667,0.02266666666666667,0.018
anthropic_claude-sonnet-4-5,informative,primary_topic,health,0.010777777777777777,0.00022222222222222223,0.011
anthropic_claude-sonnet-4-5,informative,primary_topic,personal,0.0712222222222223,0.7137777777777777,0.785
anthropic_claude-sonnet-4-5,informative,primary_topic,social,0.00044444444444444447,0.0005555555555555556,0.001
anthropic_claude-sonnet-4-5,informative,primary_topic,politics,0.013666666666666667,0.044333333333333336,0.058
anthropic_claude-sonnet-4-5,informative,primary_topic,sports,-0.034666666666666665,0.059666666666666666,0.025
anthropic_claude-sonnet-4-5,informative,toxicity,toxicity,0.0011333333333333351,0.007466666666666667,0.008600000000000002
anthropic_claude-sonnet-4-5,informative,severe_toxicity,severe_toxicity,0.0005666666666666676,0.0037333333333333333,0.004300000000000001
anthropic_claude-sonnet-4-5,controversial,author_gender,male,0.16955555555555557,0.4464444444444444,0.616
anthropic_claude-sonnet-4-5,controversial,author_gender,female,-0.16955555555555557,0.5535555555555556,0.384
anthropic_claude-sonnet-4-5,controversial,author_political_leaning,right,-0.00633333333333333,0.10533333333333333,0.099
anthropic_claude-sonnet-4-5,controversial,author_political_leaning,center,-0.026222222222222202,0.2962222222222222,0.27
anthropic_claude-sonnet-4-5,controversial,author_political_leaning,center-left,-0.03266666666666665,0.22866666666666666,0.196
anthropic_claude-sonnet-4-5,controversial,author_political_leaning,center-right,-0.017555555555555574,0.16255555555555556,0.145
anthropic_claude-sonnet-4-5,controversial,author_political_leaning,left,0.08277777777777776,0.20722222222222222,0.29
anthropic_claude-sonnet-4-5,controversial,author_is_minority,no,0.016444444444444484,0.7725555555555556,0.789
anthropic_claude-sonnet-4-5,controversial,author_is_minority,yes,-0.016444444444444456,0.22744444444444445,0.211
anthropic_claude-sonnet-4-5,controversial,text_length,text_length,45.965333333333334,85.72066666666667,131.686
anthropic_claude-sonnet-4-5,controversial,avg_word_length,avg_word_length,-0.3365502554423596,5.1210500675884685,4.784499812146109
anthropic_claude-sonnet-4-5,controversial,sentiment_polarity,sentiment_polarity,-0.2619375111111111,0.20526841111111108,-0.0566691
anthropic_claude-sonnet-4-5,controversial,sentiment_subjectivity,sentiment_subjectivity,0.013667999999999986,0.20220599999999997,0.21587399999999995
anthropic_claude-sonnet-4-5,controversial,has_emoji,0,0.03888888888888886,0.9461111111111111,0.985
anthropic_claude-sonnet-4-5,controversial,has_emoji,1,-0.03888888888888889,0.05388888888888889,0.015
anthropic_claude-sonnet-4-5,controversial,has_hashtag,0,0.10466666666666657,0.7283333333333334,0.833
anthropic_claude-sonnet-4-5,controversial,has_hashtag,1,-0.10466666666666666,0.27166666666666667,0.167
anthropic_claude-sonnet-4-5,controversial,has_mention,0,0.05622222222222223,0.4517777777777778,0.508
anthropic_claude-sonnet-4-5,controversial,has_mention,1,-0.056222222222222284,0.5482222222222223,0.492
anthropic_claude-sonnet-4-5,controversial,has_url,0,0.026222222222222258,0.43577777777777776,0.462
anthropic_claude-sonnet-4-5,controversial,has_url,1,-0.026222222222222147,0.5642222222222222,0.538
anthropic_claude-sonnet-4-5,controversial,polarization_score,polarization_score,0.06240925925925926,0.023874074074074072,0.08628333333333334
anthropic_claude-sonnet-4-5,controversial,controversy_level,high,0.005888888888888889,0.0011111111111111111,0.007
anthropic_claude-sonnet-4-5,controversial,controversy_level,medium,0.05677777777777778,0.011222222222222222,0.068
anthropic_claude-sonnet-4-5,controversial,controversy_level,low,-0.06266666666666665,0.9876666666666667,0.925
anthropic_claude-sonnet-4-5,controversial,primary_topic,technology,0.006000000000000005,0.076,0.082
anthropic_claude-sonnet-4-5,controversial,primary_topic,other,-0.07088888888888889,0.0748888888888889,0.004
anthropic_claude-sonnet-4-5,controversial,primary_topic,news,-0.002999999999999999,0.009,0.006
anthropic_claude-sonnet-4-5,controversial,primary_topic,entertainment,-0.011333333333333334,0.023333333333333334,0.012
anthropic_claude-sonnet-4-5,controversial,primary_topic,health,0.0074444444444444445,0.0005555555555555556,0.008
anthropic_claude-sonnet-4-5,controversial,primary_topic,personal,-0.022111111111111192,0.7231111111111111,0.701
anthropic_claude-sonnet-4-5,controversial,primary_topic,social,0.003777777777777778,0.00022222222222222223,0.004
anthropic_claude-sonnet-4-5,controversial,primary_topic,politics,0.12477777777777778,0.03322222222222222,0.158
anthropic_claude-sonnet-4-5,controversial,primary_topic,sports,-0.034666666666666665,0.059666666666666666,0.025
anthropic_claude-sonnet-4-5,controversial,toxicity,toxicity,0.009133333333333334,0.006666666666666667,0.0158
anthropic_claude-sonnet-4-5,controversial,severe_toxicity,severe_toxicity,0.004566666666666667,0.0033333333333333335,0.0079
anthropic_claude-sonnet-4-5,neutral,author_gender,male,0.1017777777777778,0.45322222222222225,0.555
anthropic_claude-sonnet-4-5,neutral,author_gender,female,-0.1017777777777778,0.5467777777777778,0.445
anthropic_claude-sonnet-4-5,neutral,author_political_leaning,right,-0.05522222222222222,0.11022222222222222,0.055
anthropic_claude-sonnet-4-5,neutral,author_political_leaning,center,-0.0006666666666667043,0.2936666666666667,0.293
anthropic_claude-sonnet-4-5,neutral,author_political_leaning,center-left,-0.017111111111111132,0.22711111111111112,0.21
anthropic_claude-sonnet-4-5,neutral,author_political_leaning,center-right,-0.03533333333333333,0.16433333333333333,0.129
anthropic_claude-sonnet-4-5,neutral,author_political_leaning,left,0.10833333333333334,0.20466666666666666,0.313
anthropic_claude-sonnet-4-5,neutral,author_is_minority,no,0.013111111111111184,0.7728888888888888,0.786
anthropic_claude-sonnet-4-5,neutral,author_is_minority,yes,-0.013111111111111129,0.22711111111111112,0.214
anthropic_claude-sonnet-4-5,neutral,text_length,text_length,33.096444444444444,87.00755555555556,120.104
anthropic_claude-sonnet-4-5,neutral,avg_word_length,avg_word_length,-0.3819828376962562,5.125593325813859,4.743610488117603
anthropic_claude-sonnet-4-5,neutral,sentiment_polarity,sentiment_polarity,-0.18568706666666668,0.19764336666666668,0.0119563
anthropic_claude-sonnet-4-5,neutral,sentiment_subjectivity,sentiment_subjectivity,0.006180222222222198,0.20295477777777776,0.20913499999999996
anthropic_claude-sonnet-4-5,neutral,has_emoji,0,0.03222222222222215,0.9467777777777778,0.979
anthropic_claude-sonnet-4-5,neutral,has_emoji,1,-0.03222222222222222,0.05322222222222222,0.021
anthropic_claude-sonnet-4-5,neutral,has_hashtag,0,0.04688888888888887,0.7341111111111112,0.781
anthropic_claude-sonnet-4-5,neutral,has_hashtag,1,-0.0468888888888889,0.2658888888888889,0.219
anthropic_claude-sonnet-4-5,neutral,has_mention,0,0.2084444444444445,0.43655555555555553,0.645
anthropic_claude-sonnet-4-5,neutral,has_mention,1,-0.20844444444444443,0.5634444444444444,0.355
anthropic_claude-sonnet-4-5,neutral,has_url,0,-0.05377777777777776,0.44377777777777777,0.39
anthropic_claude-sonnet-4-5,neutral,has_url,1,0.05377777777777781,0.5562222222222222,0.61
anthropic_claude-sonnet-4-5,neutral,polarization_score,polarization_score,0.034724074074074074,0.02664259259259259,0.06136666666666666
anthropic_claude-sonnet-4-5,neutral,controversy_level,high,0.00811111111111111,0.0008888888888888889,0.009
anthropic_claude-sonnet-4-5,neutral,controversy_level,medium,0.024555555555555556,0.014444444444444444,0.039
anthropic_claude-sonnet-4-5,neutral,controversy_level,low,-0.03266666666666673,0.9846666666666667,0.952
anthropic_claude-sonnet-4-5,neutral,primary_topic,technology,0.0037777777777777827,0.07622222222222222,0.08
anthropic_claude-sonnet-4-5,neutral,primary_topic,other,-0.06755555555555555,0.07455555555555556,0.007
anthropic_claude-sonnet-4-5,neutral,primary_topic,news,0.006999999999999999,0.008,0.015
anthropic_claude-sonnet-4-5,neutral,primary_topic,entertainment,-0.0057777777777777775,0.02277777777777778,0.017
anthropic_claude-sonnet-4-5,neutral,primary_topic,health,0.0074444444444444445,0.0005555555555555556,0.008
anthropic_claude-sonnet-4-5,neutral,primary_topic,personal,0.012333333333333307,0.7196666666666667,0.732
anthropic_claude-sonnet-4-5,neutral,primary_topic,social,0.00044444444444444447,0.0005555555555555556,0.001
anthropic_claude-sonnet-4-5,neutral,primary_topic,politics,0.07700000000000001,0.038,0.115
anthropic_claude-sonnet-4-5,neutral,primary_topic,sports,-0.034666666666666665,0.059666666666666666,0.025
anthropic_claude-sonnet-4-5,neutral,toxicity,toxicity,0.006244444444444443,0.006955555555555557,0.0132
anthropic_claude-sonnet-4-5,neutral,severe_toxicity,severe_toxicity,0.0031222222222222215,0.0034777777777777784,0.0066
google_gemini-2.0-flash-001,general,author_gender,male,-0.010444444444444423,0.46444444444444444,0.454
google_gemini-2.0-flash-001,general,author_gender,female,0.010444444444444478,0.5355555555555556,0.546
google_gemini-2.0-flash-001,general,author_political_leaning,right,-0.03744444444444445,0.10844444444444444,0.071
google_gemini-2.0-flash-001,general,author_political_leaning,center,-0.0040000000000000036,0.294,0.29
google_gemini-2.0-flash-001,general,author_political_leaning,center-left,0.0028888888888888853,0.22511111111111112,0.228
google_gemini-2.0-flash-001,general,author_political_leaning,center-right,-0.016444444444444456,0.16244444444444445,0.146
google_gemini-2.0-flash-001,general,author_political_leaning,left,0.05500000000000002,0.21,0.265
google_gemini-2.0-flash-001,general,author_is_minority,no,0.010888888888888948,0.7731111111111111,0.784
google_gemini-2.0-flash-001,general,author_is_minority,yes,-0.010888888888888892,0.2268888888888889,0.216
google_gemini-2.0-flash-001,general,text_length,text_length,6.798666666666676,89.63733333333333,96.436
google_gemini-2.0-flash-001,general,avg_word_length,avg_word_length,-0.4644820045732656,5.133843242501559,4.669361237928293
google_gemini-2.0-flash-001,general,sentiment_polarity,sentiment_polarity,-0.041806622222222256,0.18325532222222224,0.14144869999999998
google_gemini-2.0-flash-001,general,sentiment_subjectivity,sentiment_subjectivity,0.02038355555555557,0.2015344444444444,0.22191799999999998
google_gemini-2.0-flash-001,general,has_emoji,0,-0.014444444444444371,0.9514444444444444,0.937
google_gemini-2.0-flash-001,general,has_emoji,1,0.014444444444444447,0.04855555555555555,0.063
google_gemini-2.0-flash-001,general,has_hashtag,0,0.02577777777777779,0.7362222222222222,0.762
google_gemini-2.0-flash-001,general,has_hashtag,1,-0.02577777777777779,0.2637777777777778,0.238
google_gemini-2.0-flash-001,general,has_mention,0,0.3328888888888889,0.4241111111111111,0.757
google_gemini-2.0-flash-001,general,has_mention,1,-0.3328888888888889,0.5758888888888889,0.243
google_gemini-2.0-flash-001,general,has_url,0,-0.11711111111111111,0.45011111111111113,0.333
google_gemini-2.0-flash-001,general,has_url,1,0.11711111111111117,0.5498888888888889,0.667
google_gemini-2.0-flash-001,general,polarization_score,polarization_score,-0.00449814814814815,0.030564814814814812,0.02606666666666666
google_gemini-2.0-flash-001,general,controversy_level,high,0.0014444444444444446,0.0015555555555555555,0.003
google_gemini-2.0-flash-001,general,controversy_level,medium,-0.0010000000000000009,0.017,0.016
google_gemini-2.0-flash-001,general,controversy_level,low,-0.0004444444444444695,0.9814444444444445,0.981
google_gemini-2.0-flash-001,general,primary_topic,technology,-0.006222222222222226,0.07722222222222222,0.071
google_gemini-2.0-flash-001,general,primary_topic,other,-0.041999999999999996,0.072,0.03
google_gemini-2.0-flash-001,general,primary_topic,news,0.004777777777777777,0.008222222222222223,0.013
google_gemini-2.0-flash-001,general,primary_topic,entertainment,0.010888888888888889,0.021111111111111112,0.032
google_gemini-2.0-flash-001,general,primary_topic,health,0.001888888888888889,0.0011111111111111111,0.003
google_gemini-2.0-flash-001,general,primary_topic,personal,0.04788888888888887,0.7161111111111111,0.764
google_gemini-2.0-flash-001,general,primary_topic,social,0.0015555555555555557,0.00044444444444444447,0.002
google_gemini-2.0-flash-001,general,primary_topic,politics,-0.01855555555555555,0.04755555555555555,0.029
google_gemini-2.0-flash-001,general,primary_topic,sports,-0.00022222222222222088,0.05622222222222222,0.056
google_gemini-2.0-flash-001,general,toxicity,toxicity,-0.0001999999999999988,0.007599999999999999,0.0074
google_gemini-2.0-flash-001,general,severe_toxicity,severe_toxicity,-9.99999999999994e-05,0.0037999999999999996,0.0037
google_gemini-2.0-flash-001,popular,author_gender,male,-0.02105938846301031,0.46550383290745473,0.4444444444444444
google_gemini-2.0-flash-001,popular,author_gender,female,0.021059388463010253,0.5344961670925453,0.5555555555555556
google_gemini-2.0-flash-001,popular,author_political_leaning,right,-0.037361325329328884,0.10843239640039995,0.07107107107107107
google_gemini-2.0-flash-001,popular,author_political_leaning,center,-0.012573844814706914,0.2948561270969892,0.2822822822822823
google_gemini-2.0-flash-001,popular,author_political_leaning,center-left,-0.004642571690677444,0.22586379291189868,0.22122122122122123
google_gemini-2.0-flash-001,popular,author_political_leaning,center-right,0.011522243274270816,0.15964892789690036,0.17117117117117117
google_gemini-2.0-flash-001,popular,author_political_leaning,left,0.04305549856044244,0.2111987556938118,0.25425425425425424
google_gemini-2.0-flash-001,popular,author_is_minority,no,0.002862767222282847,0.773914009554494,0.7767767767767768
google_gemini-2.0-flash-001,popular,author_is_minority,yes,-0.002862767222282847,0.22608599044550606,0.22322322322322322
google_gemini-2.0-flash-001,popular,text_length,text_length,1.3146322636379324,90.18586823686258,91.50050050050051
google_gemini-2.0-flash-001,popular,avg_word_length,avg_word_length,-0.44553142594270767,5.131903631495908,4.686372205553201
google_gemini-2.0-flash-001,popular,sentiment_polarity,sentiment_polarity,-0.06326889642670112,0.18539522275302744,0.12212632632632632
google_gemini-2.0-flash-001,popular,sentiment_subjectivity,sentiment_subjectivity,0.033304911177147595,0.20024563937340292,0.23355055055055052
google_gemini-2.0-flash-001,popular,has_emoji,0,-0.040091196629359005,0.954005110543273,0.913913913913914
google_gemini-2.0-flash-001,popular,has_emoji,1,0.04009119662935906,0.04599488945672703,0.08608608608608609
google_gemini-2.0-flash-001,popular,has_hashtag,0,0.04886432927761675,0.733918453505166,0.7827827827827828
google_gemini-2.0-flash-001,popular,has_hashtag,1,-0.04886432927761669,0.2660815464948339,0.2172172172172172
google_gemini-2.0-flash-001,popular,has_mention,0,0.28809767438808653,0.42861904232863013,0.7167167167167167
google_gemini-2.0-flash-001,popular,has_mention,1,-0.2880976743880866,0.5713809576713699,0.2832832832832833
google_gemini-2.0-flash-001,popular,has_url,0,-0.0544501839913461,0.4438395733807355,0.3893893893893894
google_gemini-2.0-flash-001,popular,has_url,1,0.054450183991346046,0.5561604266192646,0.6106106106106106
google_gemini-2.0-flash-001,popular,polarization_score,polarization_score,0.004872978374070851,0.029628189460430318,0.03450116783450117
google_gemini-2.0-flash-001,popular,controversy_level,high,0.0025597200355560535,0.0014442839684479503,0.004004004004004004
google_gemini-2.0-flash-001,popular,controversy_level,medium,0.004578403534075126,0.016442617486945896,0.021021021021021023
google_gemini-2.0-flash-001,popular,controversy_level,low,-0.007138123569631172,0.9821130985446062,0.974974974974975
google_gemini-2.0-flash-001,popular,primary_topic,technology,-0.002806272554078351,0.07688034662815242,0.07407407407407407
google_gemini-2.0-flash-001,popular,primary_topic,other,-0.01304737689583818,0.06910343295189424,0.056056056056056056
google_gemini-2.0-flash-001,popular,primary_topic,news,0.0014554049661259973,0.008554605043884013,0.01001001001001001
google_gemini-2.0-flash-001,popular,primary_topic,entertainment,0.0009143684290890165,0.022108654593934008,0.023023023023023025
google_gemini-2.0-flash-001,popular,primary_topic,health,0.004116214870575497,0.0008887901344295079,0.005005005005005005
google_gemini-2.0-flash-001,popular,primary_topic,personal,0.012033920377437779,0.719697811354294,0.7317317317317318
google_gemini-2.0-flash-001,popular,primary_topic,social,0.001557606934787248,0.00044439506721475393,0.002002002002002002
google_gemini-2.0-flash-001,popular,primary_topic,politics,0.0037207521931441473,0.0453282968559049,0.04904904904904905
google_gemini-2.0-flash-001,popular,primary_topic,sports,-0.007944618321243144,0.05699366737029219,0.04904904904904905
google_gemini-2.0-flash-001,popular,toxicity,toxicity,0.0029221311078882458,0.007288079102321965,0.010210210210210211
google_gemini-2.0-flash-001,popular,severe_toxicity,severe_toxicity,0.0014610655539441229,0.0036440395511609827,0.005105105105105106
google_gemini-2.0-flash-001,engaging,author_gender,male,0.053451295979903946,0.4580602155316076,0.5115115115115115
google_gemini-2.0-flash-001,engaging,author_gender,female,-0.053451295979903946,0.5419397844683924,0.48848848848848847
google_gemini-2.0-flash-001,engaging,author_political_leaning,right,-0.0039983322951882005,0.1050994333962893,0.1011011011011011
google_gemini-2.0-flash-001,engaging,author_political_leaning,center,0.004107651702363435,0.2931896455949339,0.2972972972972973
google_gemini-2.0-flash-001,engaging,author_political_leaning,center-left,-0.014651469600919675,0.22686368181313188,0.2122122122122122
google_gemini-2.0-flash-001,engaging,author_political_leaning,center-right,-0.012943951617432337,0.16209310076658148,0.14914914914914915
google_gemini-2.0-flash-001,engaging,author_political_leaning,left,0.027486101811176805,0.21275413842906343,0.24024024024024024
google_gemini-2.0-flash-001,engaging,author_is_minority,no,0.007311166293501481,0.7734696144872792,0.7807807807807807
google_gemini-2.0-flash-001,engaging,author_is_minority,yes,-0.007311166293501592,0.2265303855127208,0.21921921921921922
google_gemini-2.0-flash-001,engaging,text_length,text_length,16.87068381568993,88.63181868681258,105.50250250250251
google_gemini-2.0-flash-001,engaging,avg_word_length,avg_word_length,-0.16840887320128317,5.10421908847704,4.935810215275757
google_gemini-2.0-flash-001,engaging,sentiment_polarity,sentiment_polarity,-0.16346497073676278,0.1954048105766026,0.03193983983983984
google_gemini-2.0-flash-001,engaging,sentiment_subjectivity,sentiment_subjectivity,0.022719945587182544,0.20130307743584044,0.224023023023023
google_gemini-2.0-flash-001,engaging,has_emoji,0,0.0032806943150237577,0.9496722586379291,0.9529529529529529
google_gemini-2.0-flash-001,engaging,has_emoji,1,-0.003280694315023834,0.05032774136207088,0.04704704704704705
google_gemini-2.0-flash-001,engaging,has_hashtag,0,0.03329493252835103,0.7354738362404177,0.7687687687687688
google_gemini-2.0-flash-001,engaging,has_hashtag,1,-0.03329493252835103,0.26452616375958227,0.23123123123123124
google_gemini-2.0-flash-001,engaging,has_mention,0,0.09459231479007058,0.44795022775247195,0.5425425425425425
google_gemini-2.0-flash-001,engaging,has_mention,1,-0.09459231479007058,0.552049772247528,0.4574574574574575
google_gemini-2.0-flash-001,engaging,has_url,0,0.005603203470107121,0.4378402399733363,0.44344344344344344
google_gemini-2.0-flash-001,engaging,has_url,1,-0.005603203470107121,0.5621597600266637,0.5565565565565566
google_gemini-2.0-flash-001,engaging,polarization_score,polarization_score,0.03771699151656935,0.02634707254749472,0.06406406406406406
google_gemini-2.0-flash-001,engaging,controversy_level,high,0.005896019338970122,0.0011109876680368848,0.007007007007007007
google_gemini-2.0-flash-001,engaging,controversy_level,medium,0.026820398890168913,0.014220642150872126,0.04104104104104104
google_gemini-2.0-flash-001,engaging,controversy_level,low,-0.032716418229139066,0.984668370181091,0.9519519519519519
google_gemini-2.0-flash-001,engaging,primary_topic,technology,0.0016421265171404076,0.07643595156093767,0.07807807807807808
google_gemini-2.0-flash-001,engaging,primary_topic,other,-0.03306517271632259,0.07110321075436063,0.03803803803803804
google_gemini-2.0-flash-001,engaging,primary_topic,news,0.00034330519832130764,0.008665703810687701,0.009009009009009009
google_gemini-2.0-flash-001,engaging,primary_topic,entertainment,-0.0024219308743250526,0.022441950894345072,0.02002002002002002
google_gemini-2.0-flash-001,engaging,primary_topic,health,0.0063404144061848765,0.0006665926008221309,0.007007007007007007
google_gemini-2.0-flash-001,engaging,primary_topic,personal,-0.03356217010255458,0.7242528607932452,0.6906906906906907
google_gemini-2.0-flash-001,engaging,primary_topic,social,0.0026697067025919377,0.00033329630041106545,0.003003003003003003
google_gemini-2.0-flash-001,engaging,primary_topic,politics,0.06933463849362084,0.03877346961448728,0.10810810810810811
google_gemini-2.0-flash-001,engaging,primary_topic,sports,-0.01128091762465721,0.05732696367070326,0.04604604604604605
google_gemini-2.0-flash-001,engaging,toxicity,toxicity,0.01092924943608201,0.0064881679813354074,0.017417417417417418
google_gemini-2.0-flash-001,engaging,severe_toxicity,severe_toxicity,0.005464624718041005,0.0032440839906677037,0.008708708708708709
google_gemini-2.0-flash-001,informative,author_gender,male,0.06511111111111112,0.4568888888888889,0.522
google_gemini-2.0-flash-001,informative,author_gender,female,-0.06511111111111112,0.5431111111111111,0.478
google_gemini-2.0-flash-001,informative,author_political_leaning,right,-0.00633333333333333,0.10533333333333333,0.099
google_gemini-2.0-flash-001,informative,author_political_leaning,center,-0.00622222222222224,0.2942222222222222,0.288
google_gemini-2.0-flash-001,informative,author_political_leaning,center-left,-0.023777777777777787,0.22777777777777777,0.204
google_gemini-2.0-flash-001,informative,author_political_leaning,center-right,-0.032,0.164,0.132
google_gemini-2.0-flash-001,informative,author_political_leaning,left,0.06833333333333336,0.20866666666666667,0.277
google_gemini-2.0-flash-001,informative,author_is_minority,no,0.019777777777777783,0.7722222222222223,0.792
google_gemini-2.0-flash-001,informative,author_is_minority,yes,-0.019777777777777783,0.22777777777777777,0.208
google_gemini-2.0-flash-001,informative,text_length,text_length,25.08311111111111,87.80888888888889,112.892
google_gemini-2.0-flash-001,informative,avg_word_length,avg_word_length,-0.1772834767290945,5.105123389717142,4.9278399129880475
google_gemini-2.0-flash-001,informative,sentiment_polarity,sentiment_polarity,-0.10105873333333333,0.18918053333333334,0.08812180000000001
google_gemini-2.0-flash-001,informative,sentiment_subjectivity,sentiment_subjectivity,-0.035354222222222204,0.2071082222222222,0.171754
google_gemini-2.0-flash-001,informative,has_emoji,0,0.0444444444444444,0.9455555555555556,0.99
google_gemini-2.0-flash-001,informative,has_emoji,1,-0.04444444444444444,0.05444444444444444,0.01
google_gemini-2.0-flash-001,informative,has_hashtag,0,0.0013333333333332975,0.7386666666666667,0.74
google_gemini-2.0-flash-001,informative,has_hashtag,1,-0.0013333333333332975,0.2613333333333333,0.26
google_gemini-2.0-flash-001,informative,has_mention,0,0.1928888888888889,0.4381111111111111,0.631
google_gemini-2.0-flash-001,informative,has_mention,1,-0.1928888888888889,0.5618888888888889,0.369
google_gemini-2.0-flash-001,informative,has_url,0,-0.30599999999999994,0.469,0.163
google_gemini-2.0-flash-001,informative,has_url,1,0.30599999999999994,0.531,0.837
google_gemini-2.0-flash-001,informative,polarization_score,polarization_score,-0.006720370370370373,0.030787037037037036,0.024066666666666663
google_gemini-2.0-flash-001,informative,controversy_level,high,0.00033333333333333327,0.0016666666666666668,0.002
google_gemini-2.0-flash-001,informative,controversy_level,medium,-0.005444444444444443,0.017444444444444443,0.012
google_gemini-2.0-flash-001,informative,controversy_level,low,0.005111111111111066,0.9808888888888889,0.986
google_gemini-2.0-flash-001,informative,primary_topic,technology,0.008222222222222228,0.07577777777777778,0.084
google_gemini-2.0-flash-001,informative,primary_topic,other,-0.06533333333333334,0.07433333333333333,0.009
google_gemini-2.0-flash-001,informative,primary_topic,news,0.014777777777777777,0.007222222222222222,0.022
google_gemini-2.0-flash-001,informative,primary_topic,entertainment,0.000888888888888887,0.022111111111111113,0.023
google_gemini-2.0-flash-001,informative,primary_topic,health,0.008555555555555554,0.00044444444444444447,0.009
google_gemini-2.0-flash-001,informative,primary_topic,personal,0.05900000000000005,0.715,0.774
google_gemini-2.0-flash-001,informative,primary_topic,social,0.00044444444444444447,0.0005555555555555556,0.001
google_gemini-2.0-flash-001,informative,primary_topic,politics,0.0036666666666666653,0.04533333333333334,0.049
google_gemini-2.0-flash-001,informative,primary_topic,sports,-0.030222222222222223,0.059222222222222225,0.029
google_gemini-2.0-flash-001,informative,toxicity,toxicity,-0.0008666666666666658,0.007666666666666666,0.0068000000000000005
google_gemini-2.0-flash-001,informative,severe_toxicity,severe_toxicity,-0.0004333333333333329,0.003833333333333333,0.0034000000000000002
google_gemini-2.0-flash-001,controversial,author_gender,male,0.12017728204818529,0.4513942895233863,0.5715715715715716
google_gemini-2.0-flash-001,controversial,author_gender,female,-0.12017728204818523,0.5486057104766137,0.42842842842842843
google_gemini-2.0-flash-001,controversial,author_political_leaning,right,0.0015621665438352444,0.10454393956227086,0.1061061061061061
google_gemini-2.0-flash-001,controversial,author_political_leaning,center,0.0018834521667540072,0.2934118431285413,0.2952952952952953
google_gemini-2.0-flash-001,controversial,author_political_leaning,center-left,-0.017987768904333734,0.22719697811354295,0.2092092092092092
google_gemini-2.0-flash-001,controversial,author_political_leaning,center-right,-0.024064949295479227,0.16320408843461837,0.13913913913913914
google_gemini-2.0-flash-001,controversial,author_political_leaning,left,0.03860709948922372,0.21164315076102655,0.2502502502502503
google_gemini-2.0-flash-001,controversial,author_is_minority,no,0.016207964435939082,0.7725808243528497,0.7887887887887888
google_gemini-2.0-flash-001,controversial,author_is_minority,yes,-0.016207964435939082,0.2274191756471503,0.21121121121121122
google_gemini-2.0-flash-001,controversial,text_length,text_length,35.61401330227015,86.75936007110322,122.37337337337337
google_gemini-2.0-flash-001,controversial,avg_word_length,avg_word_length,-0.26912800179220575,5.114280929423273,4.845152927631068
google_gemini-2.0-flash-001,controversial,sentiment_polarity,sentiment_polarity,-0.25868717883531794,0.20491750916564827,-0.05376966966966967
google_gemini-2.0-flash-001,controversial,sentiment_subjectivity,sentiment_subjectivity,0.014491519405195635,0.20212509721142097,0.2166166166166166
google_gemini-2.0-flash-001,controversial,has_emoji,0,0.024410589903312907,0.947561382068659,0.9719719719719719
google_gemini-2.0-flash-001,controversial,has_emoji,1,-0.024410589903312935,0.05243861793134096,0.028028028028028028
google_gemini-2.0-flash-001,controversial,has_hashtag,0,0.06554582579468704,0.7322519720031108,0.7977977977977978
google_gemini-2.0-flash-001,controversial,has_hashtag,1,-0.06554582579468704,0.26774802799688924,0.2022022022022022
google_gemini-2.0-flash-001,controversial,has_mention,0,0.055668822916906446,0.45183868459060106,0.5075075075075075
google_gemini-2.0-flash-001,controversial,has_mention,1,-0.055668822916906446,0.5481613154093989,0.4924924924924925
google_gemini-2.0-flash-001,controversial,has_url,0,-0.04777758538451793,0.44317298077991335,0.3953953953953954
google_gemini-2.0-flash-001,controversial,has_url,1,0.04777758538451793,0.5568270192200867,0.6046046046046046
google_gemini-2.0-flash-001,controversial,polarization_score,polarization_score,0.06281337627669517,0.02383994370995815,0.08665331998665332
google_gemini-2.0-flash-001,controversial,controversy_level,high,0.005896019338970122,0.0011109876680368848,0.007007007007007007
google_gemini-2.0-flash-001,controversial,controversy_level,medium,0.055734992853090845,0.011332074213976225,0.06706706706706707
google_gemini-2.0-flash-001,controversial,controversy_level,low,-0.06163101219206091,0.9875569381179868,0.9259259259259259
google_gemini-2.0-flash-001,controversial,primary_topic,technology,0.0060905255883591525,0.07599155649372293,0.08208208208208208
google_gemini-2.0-flash-001,controversial,primary_topic,other,-0.06531606598265857,0.07432507499166759,0.009009009009009009
google_gemini-2.0-flash-001,controversial,primary_topic,news,0.0014554049661259973,0.008554605043884013,0.01001001001001001
google_gemini-2.0-flash-001,controversial,primary_topic,entertainment,-0.010206629248957879,0.02321964226197089,0.013013013013013013
google_gemini-2.0-flash-001,controversial,primary_topic,health,0.008564613941794256,0.00044439506721475393,0.009009009009009009
google_gemini-2.0-flash-001,controversial,primary_topic,personal,-0.03801056917377332,0.72469725586046,0.6866866866866866
google_gemini-2.0-flash-001,controversial,primary_topic,social,0.003781806470396627,0.00022219753360737697,0.004004004004004004
google_gemini-2.0-flash-001,controversial,primary_topic,politics,0.13494852479409752,0.03221864237306966,0.16716716716716717
google_gemini-2.0-flash-001,controversial,primary_topic,sports,-0.04130761135538382,0.06032663037440284,0.01901901901901902
google_gemini-2.0-flash-001,controversial,toxicity,toxicity,0.01115166938964295,0.0064659482279746695,0.01761761761761762
google_gemini-2.0-flash-001,controversial,severe_toxicity,severe_toxicity,0.005575834694821475,0.0032329741139873348,0.00880880880880881
google_gemini-2.0-flash-001,neutral,author_gender,male,0.07458119156819304,0.4559493389623375,0.5305305305305306
google_gemini-2.0-flash-001,neutral,author_gender,female,-0.07458119156819304,0.5440506610376625,0.4694694694694695
google_gemini-2.0-flash-001,neutral,author_political_leaning,right,-0.017343529508844463,0.10643261859793356,0.0890890890890891
google_gemini-2.0-flash-001,neutral,author_political_leaning,center,-0.013685944582511655,0.2949672258637929,0.28128128128128127
google_gemini-2.0-flash-001,neutral,author_political_leaning,center-left,0.01426312436200225,0.22397511387623598,0.23823823823823823
google_gemini-2.0-flash-001,neutral,author_political_leaning,center-right,-0.01961655022426048,0.16275969336740362,0.14314314314314314
google_gemini-2.0-flash-001,neutral,author_political_leaning,left,0.03638289995361432,0.21186534829463394,0.24824824824824826
google_gemini-2.0-flash-001,neutral,author_is_minority,no,0.008423266061306278,0.7733585157204755,0.7817817817817818
google_gemini-2.0-flash-001,neutral,author_is_minority,yes,-0.008423266061306278,0.2266414842795245,0.2182182182182182
google_gemini-2.0-flash-001,neutral,text_length,text_length,36.52371091233441,86.66848127985779,123.1921921921922
google_gemini-2.0-flash-001,neutral,avg_word_length,avg_word_length,-0.3196623192174153,5.119329307734052,4.799666988516637
google_gemini-2.0-flash-001,neutral,sentiment_polarity,sentiment_polarity,-0.19599944944388895,0.1986550049994445,0.0026555555555555547
google_gemini-2.0-flash-001,neutral,sentiment_subjectivity,sentiment_subjectivity,0.0256025081853323,0.2010151094322853,0.2266176176176176
google_gemini-2.0-flash-001,neutral,has_emoji,0,0.025522689671117704,0.9474502833018553,0.972972972972973
google_gemini-2.0-flash-001,neutral,has_emoji,1,-0.02552268967111762,0.05254971669814465,0.02702702702702703
google_gemini-2.0-flash-001,neutral,has_hashtag,0,-0.001180160273594355,0.7389178980113321,0.7377377377377378
google_gemini-2.0-flash-001,neutral,has_hashtag,1,0.0011801602735942995,0.26108210198866794,0.26226226226226224
google_gemini-2.0-flash-001,neutral,has_mention,0,0.09570441455787526,0.44783912898566824,0.5435435435435435
google_gemini-2.0-flash-001,neutral,has_mention,1,-0.09570441455787532,0.5521608710143318,0.45645645645645644
google_gemini-2.0-flash-001,neutral,has_url,0,-0.10449467354255709,0.44883901788690145,0.34434434434434436
google_gemini-2.0-flash-001,neutral,has_url,1,0.10449467354255715,0.5511609821130985,0.6556556556556556
google_gemini-2.0-flash-001,neutral,polarization_score,polarization_score,0.04542754990668185,0.02557678776432248,0.07100433767100434
google_gemini-2.0-flash-001,neutral,controversy_level,high,0.005896019338970122,0.0011109876680368848,0.007007007007007007
google_gemini-2.0-flash-001,neutral,controversy_level,medium,0.039053496336020496,0.012998555716031552,0.05205205205205205
google_gemini-2.0-flash-001,neutral,controversy_level,low,-0.044949515674990614,0.9858904566159316,0.9409409409409409
google_gemini-2.0-flash-001,neutral,primary_topic,technology,-0.012815170464320555,0.07788023552938562,0.06506506506506507
google_gemini-2.0-flash-001,neutral,primary_topic,other,-0.06642816575046327,0.07443617375847128,0.008008008008008008
google_gemini-2.0-flash-001,neutral,primary_topic,news,0.009240103340758825,0.007776913676258193,0.01701701701701702
google_gemini-2.0-flash-001,neutral,primary_topic,entertainment,-0.01131872901676257,0.023330741028774582,0.012012012012012012
google_gemini-2.0-flash-001,neutral,primary_topic,health,0.010788813477403634,0.00022219753360737697,0.011011011011011011
google_gemini-2.0-flash-001,neutral,primary_topic,personal,-0.014656474049874801,0.7223641817575825,0.7077077077077077
google_gemini-2.0-flash-001,neutral,primary_topic,social,0.003781806470396627,0.00022219753360737697,0.004004004004004004
google_gemini-2.0-flash-001,neutral,primary_topic,politics,0.09157663384971462,0.03655149427841351,0.12812812812812813
google_gemini-2.0-flash-001,neutral,primary_topic,sports,-0.010168817856852516,0.057215864903899565,0.04704704704704705
google_gemini-2.0-flash-001,neutral,toxicity,toxicity,0.009372309761155445,0.006643706254860571,0.016016016016016016
google_gemini-2.0-flash-001,neutral,severe_toxicity,severe_toxicity,0.004686154880577722,0.0033218531274302856,0.008008008008008008
openai_gpt-4o-mini,general,author_gender,male,-0.037111111111111095,0.4671111111111111,0.43
openai_gpt-4o-mini,general,author_gender,female,0.037111111111111095,0.5328888888888889,0.57
openai_gpt-4o-mini,general,author_political_leaning,right,-0.004111111111111107,0.10511111111111111,0.101
openai_gpt-4o-mini,general,author_political_leaning,center,-0.0017777777777778225,0.2937777777777778,0.292
openai_gpt-4o-mini,general,author_political_leaning,center-left,-0.017111111111111132,0.22711111111111112,0.21
openai_gpt-4o-mini,general,author_political_leaning,center-right,0.012444444444444425,0.15955555555555556,0.172
openai_gpt-4o-mini,general,author_political_leaning,left,0.010555555555555568,0.21444444444444444,0.225
openai_gpt-4o-mini,general,author_is_minority,no,0.020888888888888957,0.7721111111111111,0.793
openai_gpt-4o-mini,general,author_is_minority,yes,-0.0208888888888889,0.2278888888888889,0.207
openai_gpt-4o-mini,general,text_length,text_length,15.800888888888892,88.7371111111111,104.538
openai_gpt-4o-mini,general,avg_word_length,avg_word_length,-0.1792123045149765,5.105316272495729,4.926103967980753
openai_gpt-4o-mini,general,sentiment_polarity,sentiment_polarity,0.05104637777777782,0.17397002222222221,0.22501640000000003
openai_gpt-4o-mini,general,sentiment_subjectivity,sentiment_subjectivity,0.023040222222222212,0.20126877777777777,0.22430899999999998
openai_gpt-4o-mini,general,has_emoji,0,0.022222222222222143,0.9477777777777778,0.97
openai_gpt-4o-mini,general,has_emoji,1,-0.022222222222222227,0.052222222222222225,0.03
openai_gpt-4o-mini,general,has_hashtag,0,-0.0808888888888889,0.7468888888888889,0.666
openai_gpt-4o-mini,general,has_hashtag,1,0.0808888888888889,0.2531111111111111,0.334
openai_gpt-4o-mini,general,has_mention,0,0.10511111111111116,0.4468888888888889,0.552
openai_gpt-4o-mini,general,has_mention,1,-0.1051111111111111,0.5531111111111111,0.448
openai_gpt-4o-mini,general,has_url,0,-0.20044444444444443,0.45844444444444443,0.258
openai_gpt-4o-mini,general,has_url,1,0.20044444444444443,0.5415555555555556,0.742
openai_gpt-4o-mini,general,polarization_score,polarization_score,-0.0009055555555555553,0.03020555555555555,0.029299999999999996
openai_gpt-4o-mini,general,controversy_level,high,0.0025555555555555557,0.0014444444444444444,0.004
openai_gpt-4o-mini,general,controversy_level,medium,0.002333333333333333,0.016666666666666666,0.019
openai_gpt-4o-mini,general,controversy_level,low,-0.004888888888888943,0.9818888888888889,0.977
openai_gpt-4o-mini,general,primary_topic,technology,0.01266666666666666,0.07533333333333334,0.088
openai_gpt-4o-mini,general,primary_topic,other,-0.043111111111111114,0.07211111111111111,0.029
openai_gpt-4o-mini,general,primary_topic,news,0.00588888888888889,0.00811111111111111,0.014
openai_gpt-4o-mini,general,primary_topic,entertainment,0.010888888888888889,0.021111111111111112,0.032
openai_gpt-4o-mini,general,primary_topic,health,0.001888888888888889,0.0011111111111111111,0.003
openai_gpt-4o-mini,general,primary_topic,personal,-0.027666666666666728,0.7236666666666667,0.696
openai_gpt-4o-mini,general,primary_topic,social,0.0015555555555555557,0.00044444444444444447,0.002
openai_gpt-4o-mini,general,primary_topic,politics,-0.00966666666666667,0.04666666666666667,0.037
openai_gpt-4o-mini,general,primary_topic,sports,0.04755555555555556,0.051444444444444445,0.099
openai_gpt-4o-mini,general,toxicity,toxicity,2.2222222222222955e-05,0.007577777777777778,0.007600000000000001
openai_gpt-4o-mini,general,severe_toxicity,severe_toxicity,1.1111111111111478e-05,0.003788888888888889,0.0038000000000000004
openai_gpt-4o-mini,popular,author_gender,male,-0.06599999999999995,0.47,0.404
openai_gpt-4o-mini,popular,author_gender,female,0.06599999999999995,0.53,0.596
openai_gpt-4o-mini,popular,author_political_leaning,right,-0.004111111111111107,0.10511111111111111,0.101
openai_gpt-4o-mini,popular,author_political_leaning,center,0.011555555555555541,0.29244444444444445,0.304
openai_gpt-4o-mini,popular,author_political_leaning,center-left,-0.03377777777777777,0.22877777777777777,0.195
openai_gpt-4o-mini,popular,author_political_leaning,center-right,0.020222222222222225,0.15877777777777777,0.179
openai_gpt-4o-mini,popular,author_political_leaning,left,0.006111111111111123,0.21488888888888888,0.221
openai_gpt-4o-mini,popular,author_is_minority,no,0.017555555555555546,0.7724444444444445,0.79
openai_gpt-4o-mini,popular,author_is_minority,yes,-0.017555555555555574,0.22755555555555557,0.21
openai_gpt-4o-mini,popular,text_length,text_length,13.629777777777775,88.95422222222223,102.584
openai_gpt-4o-mini,popular,avg_word_length,avg_word_length,-0.2351627465466386,5.110911316698895,4.875748570152257
openai_gpt-4o-mini,popular,sentiment_polarity,sentiment_polarity,0.14150982222222225,0.16492367777777778,0.3064335
openai_gpt-4o-mini,popular,sentiment_subjectivity,sentiment_subjectivity,0.04296466666666668,0.1992763333333333,0.24224099999999998
openai_gpt-4o-mini,popular,has_emoji,0,0.006666666666666599,0.9493333333333334,0.956
openai_gpt-4o-mini,popular,has_emoji,1,-0.006666666666666668,0.050666666666666665,0.044
openai_gpt-4o-mini,popular,has_hashtag,0,-0.13866666666666672,0.7526666666666667,0.614
openai_gpt-4o-mini,popular,has_hashtag,1,0.1386666666666667,0.24733333333333332,0.386
openai_gpt-4o-mini,popular,has_mention,0,0.12066666666666659,0.44533333333333336,0.566
openai_gpt-4o-mini,popular,has_mention,1,-0.12066666666666664,0.5546666666666666,0.434
openai_gpt-4o-mini,popular,has_url,0,-0.196,0.458,0.262
openai_gpt-4o-mini,popular,has_url,1,0.19599999999999995,0.542,0.738
openai_gpt-4o-mini,popular,polarization_score,polarization_score,-0.002924074074074072,0.030407407407407404,0.027483333333333332
openai_gpt-4o-mini,popular,controversy_level,high,0.0025555555555555557,0.0014444444444444444,0.004
openai_gpt-4o-mini,popular,controversy_level,medium,-0.004333333333333333,0.017333333333333333,0.013
openai_gpt-4o-mini,popular,controversy_level,low,0.001777777777777767,0.9812222222222222,0.983
openai_gpt-4o-mini,popular,primary_topic,technology,0.004888888888888887,0.07611111111111112,0.081
openai_gpt-4o-mini,popular,primary_topic,other,-0.03866666666666667,0.07166666666666667,0.033
openai_gpt-4o-mini,popular,primary_topic,news,-0.005222222222222222,0.009222222222222222,0.004
openai_gpt-4o-mini,popular,primary_topic,entertainment,-0.003555555555555555,0.022555555555555554,0.019
openai_gpt-4o-mini,popular,primary_topic,health,0.001888888888888889,0.0011111111111111111,0.003
openai_gpt-4o-mini,popular,primary_topic,personal,-0.033222222222222264,0.7242222222222222,0.691
openai_gpt-4o-mini,popular,primary_topic,social,0.00044444444444444447,0.0005555555555555556,0.001
openai_gpt-4o-mini,popular,primary_topic,politics,-0.01522222222222222,0.04722222222222222,0.032
openai_gpt-4o-mini,popular,primary_topic,sports,0.08866666666666667,0.04733333333333333,0.136
openai_gpt-4o-mini,popular,toxicity,toxicity,2.2222222222222088e-05,0.007577777777777778,0.0076
openai_gpt-4o-mini,popular,severe_toxicity,severe_toxicity,1.1111111111111044e-05,0.003788888888888889,0.0038
openai_gpt-4o-mini,engaging,author_gender,male,-0.05933333333333335,0.4693333333333333,0.41
openai_gpt-4o-mini,engaging,author_gender,female,0.05933333333333335,0.5306666666666666,0.59
openai_gpt-4o-mini,engaging,author_political_leaning,right,-0.0030000000000000027,0.105,0.102
openai_gpt-4o-mini,engaging,author_political_leaning,center,0.009333333333333305,0.2926666666666667,0.302
openai_gpt-4o-mini,engaging,author_political_leaning,center-left,-0.023777777777777787,0.22777777777777777,0.204
openai_gpt-4o-mini,engaging,author_political_leaning,center-right,0.017999999999999988,0.159,0.177
openai_gpt-4o-mini,engaging,author_political_leaning,left,-0.0005555555555555591,0.21555555555555556,0.215
openai_gpt-4o-mini,engaging,author_is_minority,no,0.014222222222222247,0.7727777777777778,0.787
openai_gpt-4o-mini,engaging,author_is_minority,yes,-0.01422222222222222,0.22722222222222221,0.213
openai_gpt-4o-mini,engaging,text_length,text_length,16.10644444444445,88.70655555555555,104.813
openai_gpt-4o-mini,engaging,avg_word_length,avg_word_length,-0.16902235618062722,5.104297277662294,4.935274921481667
openai_gpt-4o-mini,engaging,sentiment_polarity,sentiment_polarity,0.11429382222222226,0.1676452777777778,0.28193910000000005
openai_gpt-4o-mini,engaging,sentiment_subjectivity,sentiment_subjectivity,0.049692444444444456,0.19860355555555553,0.248296
openai_gpt-4o-mini,engaging,has_emoji,0,0.012222222222222134,0.9487777777777778,0.961
openai_gpt-4o-mini,engaging,has_emoji,1,-0.012222222222222225,0.051222222222222225,0.039
openai_gpt-4o-mini,engaging,has_hashtag,0,-0.1564444444444445,0.7544444444444445,0.598
openai_gpt-4o-mini,engaging,has_hashtag,1,0.15644444444444447,0.24555555555555555,0.402
openai_gpt-4o-mini,engaging,has_mention,0,0.11400000000000005,0.446,0.56
openai_gpt-4o-mini,engaging,has_mention,1,-0.11400000000000005,0.554,0.44
openai_gpt-4o-mini,engaging,has_url,0,-0.1793333333333333,0.4563333333333333,0.277
openai_gpt-4o-mini,engaging,has_url,1,0.17933333333333334,0.5436666666666666,0.723
openai_gpt-4o-mini,engaging,polarization_score,polarization_score,0.009742592592592587,0.029140740740740738,0.038883333333333325
openai_gpt-4o-mini,engaging,controversy_level,high,0.004777777777777778,0.0012222222222222222,0.006
openai_gpt-4o-mini,engaging,controversy_level,medium,0.0034444444444444444,0.016555555555555556,0.02
openai_gpt-4o-mini,engaging,controversy_level,low,-0.008222222222222242,0.9822222222222222,0.974
openai_gpt-4o-mini,engaging,primary_topic,technology,-0.0006666666666666626,0.07666666666666666,0.076
openai_gpt-4o-mini,engaging,primary_topic,other,-0.041999999999999996,0.072,0.03
openai_gpt-4o-mini,engaging,primary_topic,news,-0.0018888888888888887,0.008888888888888889,0.007
openai_gpt-4o-mini,engaging,primary_topic,entertainment,-0.0024444444444444435,0.022444444444444444,0.02
openai_gpt-4o-mini,engaging,primary_topic,health,0.001888888888888889,0.0011111111111111111,0.003
openai_gpt-4o-mini,engaging,primary_topic,personal,-0.050999999999999934,0.726,0.675
openai_gpt-4o-mini,engaging,primary_topic,social,0.0015555555555555557,0.00044444444444444447,0.002
openai_gpt-4o-mini,engaging,primary_topic,politics,0.0014444444444444426,0.04555555555555556,0.047
openai_gpt-4o-mini,engaging,primary_topic,sports,0.09311111111111112,0.04688888888888889,0.14
openai_gpt-4o-mini,engaging,toxicity,toxicity,0.0024666666666666682,0.007333333333333333,0.009800000000000001
openai_gpt-4o-mini,engaging,severe_toxicity,severe_toxicity,0.0012333333333333341,0.0036666666666666666,0.004900000000000001
openai_gpt-4o-mini,informative,author_gender,male,0.06012389458673206,0.45739362293078545,0.5175175175175175
openai_gpt-4o-mini,informative,author_gender,female,-0.06012389458673206,0.5426063770692146,0.4824824824824825
openai_gpt-4o-mini,informative,author_political_leaning,right,0.009346864918468076,0.10376624819464504,0.11311311311311312
openai_gpt-4o-mini,informative,author_political_leaning,center,-0.0003407473688553653,0.29363404066214865,0.2932932932932933
openai_gpt-4o-mini,informative,author_political_leaning,center-left,-0.020211968439943107,0.2274191756471503,0.2072072072072072
openai_gpt-4o-mini,informative,author_political_leaning,center-right,-0.028513348366698,0.16364848350183314,0.13513513513513514
openai_gpt-4o-mini,informative,author_political_leaning,left,0.03971919925702838,0.21153205199422287,0.25125125125125125
openai_gpt-4o-mini,informative,author_is_minority,no,0.012871665132525134,0.7729141206532607,0.7857857857857858
openai_gpt-4o-mini,informative,author_is_minority,yes,-0.012871665132525023,0.22708587934673924,0.21421421421421422
openai_gpt-4o-mini,informative,text_length,text_length,24.65760638985836,87.85390512165316,112.51151151151151
openai_gpt-4o-mini,informative,avg_word_length,avg_word_length,-0.17333140172796213,5.104710849076855,4.931379447348893
openai_gpt-4o-mini,informative,sentiment_polarity,sentiment_polarity,-0.10456060475540535,0.189520264415065,0.08495965965965965
openai_gpt-4o-mini,informative,sentiment_subjectivity,sentiment_subjectivity,-0.018453324116250447,0.2054162870792134,0.18696296296296294
openai_gpt-4o-mini,informative,has_emoji,0,0.045540485491602056,0.9454505054993889,0.990990990990991
openai_gpt-4o-mini,informative,has_emoji,1,-0.045540485491602035,0.05454949450061104,0.009009009009009009
openai_gpt-4o-mini,informative,has_hashtag,0,0.0066045381010384485,0.7381402066437063,0.7447447447447447
openai_gpt-4o-mini,informative,has_hashtag,1,-0.0066045381010384485,0.2618597933562937,0.2552552552552553
openai_gpt-4o-mini,informative,has_mention,0,0.13907630550225814,0.4435062770803244,0.5825825825825826
openai_gpt-4o-mini,informative,has_mention,1,-0.1390763055022582,0.5564937229196756,0.4174174174174174
openai_gpt-4o-mini,informative,has_url,0,-0.2512918428927761,0.4635040551049883,0.2122122122122122
openai_gpt-4o-mini,informative,has_url,1,0.2512918428927762,0.5364959448950116,0.7877877877877878
openai_gpt-4o-mini,informative,polarization_score,polarization_score,0.005929473153485305,0.029522645631966812,0.03545211878545212
openai_gpt-4o-mini,informative,controversy_level,high,0.0025597200355560535,0.0014442839684479503,0.004004004004004004
openai_gpt-4o-mini,informative,controversy_level,medium,0.0034663037662704364,0.016553716253749583,0.02002002002002002
openai_gpt-4o-mini,informative,controversy_level,low,-0.0060260238018264856,0.9820019997778024,0.975975975975976
openai_gpt-4o-mini,informative,primary_topic,technology,0.013875223962991998,0.0752138651260971,0.0890890890890891
openai_gpt-4o-mini,informative,primary_topic,other,-0.06197976667924452,0.07399177869125653,0.012012012012012012
openai_gpt-4o-mini,informative,primary_topic,news,0.011464302876368203,0.007554716142650817,0.01901901901901902
openai_gpt-4o-mini,informative,primary_topic,entertainment,-0.0035340306421297422,0.022553049661148763,0.01901901901901902
openai_gpt-4o-mini,informative,primary_topic,health,0.011900913245208323,0.00011109876680368848,0.012012012012012012
openai_gpt-4o-mini,informative,primary_topic,personal,0.023154918055484752,0.718586823686257,0.7417417417417418
openai_gpt-4o-mini,informative,primary_topic,social,0.0026697067025919377,0.00033329630041106545,0.003003003003003003
openai_gpt-4o-mini,informative,primary_topic,politics,0.0304111466204567,0.04266192645261638,0.07307307307307308
openai_gpt-4o-mini,informative,primary_topic,sports,-0.02796241414172755,0.058993445172758584,0.031031031031031032
openai_gpt-4o-mini,informative,toxicity,toxicity,0.0009203515258398047,0.007488056882568604,0.008408408408408409
openai_gpt-4o-mini,informative,severe_toxicity,severe_toxicity,0.00046017576291990233,0.003744028441284302,0.004204204204204204
openai_gpt-4o-mini,controversial,author_gender,male,0.10794418460233374,0.45261637595822685,0.5605605605605606
openai_gpt-4o-mini,controversial,author_gender,female,-0.10794418460233368,0.5473836240417731,0.4394394394394394
openai_gpt-4o-mini,controversial,author_political_leaning,right,-0.032912926258110126,0.1079880013331852,0.07507507507507508
openai_gpt-4o-mini,controversial,author_political_leaning,center,-0.012573844814706914,0.2948561270969892,0.2822822822822823
openai_gpt-4o-mini,controversial,author_political_leaning,center-left,0.002030026916150701,0.22519720031107654,0.22722722722722724
openai_gpt-4o-mini,controversial,author_political_leaning,center-right,-0.026289148831088627,0.16342628596822575,0.13713713713713713
openai_gpt-4o-mini,controversial,author_political_leaning,left,0.06974589298775499,0.2085323852905233,0.2782782782782783
openai_gpt-4o-mini,controversial,author_is_minority,no,-0.0015856318489358978,0.7743584046217087,0.7727727727727728
openai_gpt-4o-mini,controversial,author_is_minority,yes,0.0015856318489359533,0.2256415953782913,0.22722722722722724
openai_gpt-4o-mini,controversial,text_length,text_length,37.42228752472059,86.57871347628041,124.001001001001
openai_gpt-4o-mini,controversial,avg_word_length,avg_word_length,-0.1863774701826948,5.106014151315484,4.919636681132789
openai_gpt-4o-mini,controversial,sentiment_polarity,sentiment_polarity,-0.22599100082195295,0.2016511609821131,-0.024339839839839842
openai_gpt-4o-mini,controversial,sentiment_subjectivity,sentiment_subjectivity,0.020095390135163455,0.20156527052549716,0.22166066066066062
openai_gpt-4o-mini,controversial,has_emoji,0,0.03886788688477394,0.946117098100211,0.984984984984985
openai_gpt-4o-mini,controversial,has_emoji,1,-0.0388678868847739,0.053882901899788914,0.015015015015015015
openai_gpt-4o-mini,controversial,has_hashtag,0,0.034407032296155715,0.735362737473614,0.7697697697697697
openai_gpt-4o-mini,controversial,has_hashtag,1,-0.03440703229615574,0.264637262526386,0.23023023023023023
openai_gpt-4o-mini,controversial,has_mention,0,0.0022880340622813966,0.4571714253971781,0.4594594594594595
openai_gpt-4o-mini,controversial,has_mention,1,-0.0022880340622812856,0.5428285746028219,0.5405405405405406
openai_gpt-4o-mini,controversial,has_url,0,-0.04666548561671324,0.44306188201310964,0.3963963963963964
openai_gpt-4o-mini,controversial,has_url,1,0.046665485616713354,0.5569381179868903,0.6036036036036037
openai_gpt-4o-mini,controversial,polarization_score,polarization_score,0.06348063613737798,0.023773284449875937,0.08725392058725391
openai_gpt-4o-mini,controversial,controversy_level,high,0.01034441841018888,0.0006665926008221309,0.011011011011011011
openai_gpt-4o-mini,controversial,controversy_level,medium,0.05128659378187208,0.011776469281190978,0.06306306306306306
openai_gpt-4o-mini,controversial,controversy_level,low,-0.06163101219206091,0.9875569381179868,0.9259259259259259
openai_gpt-4o-mini,controversial,primary_topic,technology,0.01498732373079667,0.07510276635929342,0.09009009009009009
openai_gpt-4o-mini,controversial,primary_topic,other,-0.0642039662148539,0.0742139762248639,0.01001001001001001
openai_gpt-4o-mini,controversial,primary_topic,news,0.0014554049661259973,0.008554605043884013,0.01001001001001001
openai_gpt-4o-mini,controversial,primary_topic,entertainment,-0.00909452948115319,0.023108543495167205,0.014014014014014014
openai_gpt-4o-mini,controversial,primary_topic,health,0.007452514173989565,0.0005554938340184424,0.008008008008008008
openai_gpt-4o-mini,controversial,primary_topic,personal,-0.04801946708401539,0.7256971447616931,0.6776776776776777
openai_gpt-4o-mini,controversial,primary_topic,social,0.003781806470396627,0.00022219753360737697,0.004004004004004004
openai_gpt-4o-mini,controversial,primary_topic,politics,0.12716382641946467,0.03299633374069548,0.16016016016016016
openai_gpt-4o-mini,controversial,primary_topic,sports,-0.033522912980750996,0.059548939006777026,0.026026026026026026
openai_gpt-4o-mini,controversial,toxicity,toxicity,0.00892746985403357,0.006688145761582048,0.015615615615615617
openai_gpt-4o-mini,controversial,severe_toxicity,severe_toxicity,0.004463734927016785,0.003344072880791024,0.0078078078078078084
openai_gpt-4o-mini,neutral,author_gender,male,0.020666666666666667,0.4613333333333333,0.482
openai_gpt-4o-mini,neutral,author_gender,female,-0.02066666666666661,0.5386666666666666,0.518
openai_gpt-4o-mini,neutral,author_political_leaning,right,-0.012999999999999998,0.106,0.093
openai_gpt-4o-mini,neutral,author_political_leaning,center,0.013777777777777778,0.2922222222222222,0.306
openai_gpt-4o-mini,neutral,author_political_leaning,center-left,-0.021555555555555578,0.22755555555555557,0.206
openai_gpt-4o-mini,neutral,author_political_leaning,center-right,-0.008666666666666656,0.16166666666666665,0.153
openai_gpt-4o-mini,neutral,author_political_leaning,left,0.02944444444444444,0.21255555555555555,0.242
openai_gpt-4o-mini,neutral,author_is_minority,no,0.023111111111111193,0.7718888888888888,0.795
openai_gpt-4o-mini,neutral,author_is_minority,yes,-0.02311111111111111,0.2281111111111111,0.205
openai_gpt-4o-mini,neutral,text_length,text_length,23.9808888888889,87.9191111111111,111.9
openai_gpt-4o-mini,neutral,avg_word_length,avg_word_length,-0.16197634793989835,5.103592676838222,4.9416163288983235
openai_gpt-4o-mini,neutral,sentiment_polarity,sentiment_polarity,-0.06260751111111112,0.18533541111111113,0.1227279
openai_gpt-4o-mini,neutral,sentiment_subjectivity,sentiment_subjectivity,0.030303555555555528,0.20054244444444444,0.23084599999999997
openai_gpt-4o-mini,neutral,has_emoji,0,0.030000000000000027,0.947,0.977
openai_gpt-4o-mini,neutral,has_emoji,1,-0.03,0.053,0.023
openai_gpt-4o-mini,neutral,has_hashtag,0,-0.04533333333333334,0.7433333333333333,0.698
openai_gpt-4o-mini,neutral,has_hashtag,1,0.04533333333333334,0.25666666666666665,0.302
openai_gpt-4o-mini,neutral,has_mention,0,0.03622222222222221,0.4537777777777778,0.49
openai_gpt-4o-mini,neutral,has_mention,1,-0.03622222222222227,0.5462222222222223,0.51
openai_gpt-4o-mini,neutral,has_url,0,-0.12044444444444441,0.4504444444444444,0.33
openai_gpt-4o-mini,neutral,has_url,1,0.12044444444444447,0.5495555555555556,0.67
openai_gpt-4o-mini,neutral,polarization_score,polarization_score,0.03918703703703703,0.026196296296296294,0.06538333333333332
openai_gpt-4o-mini,neutral,controversy_level,high,0.007,0.001,0.008
openai_gpt-4o-mini,neutral,controversy_level,medium,0.02344444444444444,0.014555555555555556,0.038
openai_gpt-4o-mini,neutral,controversy_level,low,-0.030444444444444496,0.9844444444444445,0.954
openai_gpt-4o-mini,neutral,primary_topic,technology,-0.0040000000000000036,0.077,0.073
openai_gpt-4o-mini,neutral,primary_topic,other,-0.05644444444444445,0.07344444444444445,0.017
openai_gpt-4o-mini,neutral,primary_topic,news,0.003666666666666667,0.008333333333333333,0.012
openai_gpt-4o-mini,neutral,primary_topic,entertainment,-0.010222222222222221,0.02322222222222222,0.013
openai_gpt-4o-mini,neutral,primary_topic,health,0.0074444444444444445,0.0005555555555555556,0.008
openai_gpt-4o-mini,neutral,primary_topic,personal,-0.06099999999999994,0.727,0.666
openai_gpt-4o-mini,neutral,primary_topic,social,0.0015555555555555557,0.00044444444444444447,0.002
openai_gpt-4o-mini,neutral,primary_topic,politics,0.08922222222222223,0.03677777777777778,0.126
openai_gpt-4o-mini,neutral,primary_topic,sports,0.029777777777777785,0.05322222222222222,0.083
openai_gpt-4o-mini,neutral,toxicity,toxicity,0.006022222222222222,0.006977777777777777,0.013
openai_gpt-4o-mini,neutral,severe_toxicity,severe_toxicity,0.003011111111111111,0.0034888888888888886,0.0065
